NGAY_DL,THANG_DL,NAM_DL,NGAY_AM,THANG_AM,NAM_AM
17,10,2025,26,8,Ất Tỵ
18,10,2025,27,8,Ất Tỵ
19,10,2025,28,8,Ất Tỵ
20,10,2025,29,8,Ất Tỵ
21,10,2025,1,9,Ất Tỵ
22,10,2025,2,9,Ất Tỵ
23,10,2025,3,9,Ất Tỵ
24,10,2025,4,9,Ất Tỵ
25,10,2025,5,9,Ất Tỵ
26,10,2025,6,9,Ất Tỵ
27,10,2025,7,9,Ất Tỵ
28,10,2025,8,9,Ất Tỵ
29,10,2025,9,9,Ất Tỵ
30,10,2025,10,9,Ất Tỵ
31,10,2025,11,9,Ất Tỵ
1,11,2025,12,9,Ất Tỵ
2,11,2025,13,9,Ất Tỵ
3,11,2025,14,9,Ất Tỵ
4,11,2025,15,9,Ất Tỵ
5,11,2025,16,9,Ất Tỵ
6,11,2025,17,9,Ất Tỵ
7,11,2025,18,9,Ất Tỵ
8,11,2025,19,9,Ất Tỵ
9,11,2025,20,9,Ất Tỵ
10,11,2025,21,9,Ất Tỵ
11,11,2025,22,9,Ất Tỵ
12,11,2025,23,9,Ất Tỵ
13,11,2025,24,9,Ất Tỵ
14,11,2025,25,9,Ất Tỵ
15,11,2025,26,9,Ất Tỵ
16,11,2025,27,9,Ất Tỵ
17,11,2025,28,9,Ất Tỵ
18,11,2025,29,9,Ất Tỵ
19,11,2025,30,9,Ất Tỵ
20,11,2025,1,10,Ất Tỵ
21,11,2025,2,10,Ất Tỵ
22,11,2025,3,10,Ất Tỵ
23,11,2025,4,10,Ất Tỵ
24,11,2025,5,10,Ất Tỵ
25,11,2025,6,10,Ất Tỵ
26,11,2025,7,10,Ất Tỵ
27,11,2025,8,10,Ất Tỵ
28,11,2025,9,10,Ất Tỵ
29,11,2025,10,10,Ất Tỵ
30,11,2025,11,10,Ất Tỵ
1,12,2025,12,10,Ất Tỵ
2,12,2025,13,10,Ất Tỵ
3,12,2025,14,10,Ất Tỵ
4,12,2025,15,10,Ất Tỵ
5,12,2025,16,10,Ất Tỵ
6,12,2025,17,10,Ất Tỵ
7,12,2025,18,10,Ất Tỵ
8,12,2025,19,10,Ất Tỵ
9,12,2025,20,10,Ất Tỵ
10,12,2025,21,10,Ất Tỵ
11,12,2025,22,10,Ất Tỵ
12,12,2025,23,10,Ất Tỵ
13,12,2025,24,10,Ất Tỵ
14,12,2025,25,10,Ất Tỵ
15,12,2025,26,10,Ất Tỵ
16,12,2025,27,10,Ất Tỵ
17,12,2025,28,10,Ất Tỵ
18,12,2025,29,10,Ất Tỵ
19,12,2025,30,10,Ất Tỵ
20,12,2025,1,11,Ất Tỵ
21,12,2025,2,11,Ất Tỵ
22,12,2025,3,11,Ất Tỵ
23,12,2025,4,11,Ất Tỵ
24,12,2025,5,11,Ất Tỵ
25,12,2025,6,11,Ất Tỵ
26,12,2025,7,11,Ất Tỵ
27,12,2025,8,11,Ất Tỵ
28,12,2025,9,11,Ất Tỵ
29,12,2025,10,11,Ất Tỵ
30,12,2025,11,11,Ất Tỵ
31,12,2025,12,11,Ất Tỵ
1,1,2026,13,11,Ất Tỵ
2,1,2026,14,11,Ất Tỵ
3,1,2026,15,11,Ất Tỵ
4,1,2026,16,11,Ất Tỵ
5,1,2026,17,11,Ất Tỵ
6,1,2026,18,11,Ất Tỵ
7,1,2026,19,11,Ất Tỵ
8,1,2026,20,11,Ất Tỵ
9,1,2026,21,11,Ất Tỵ
10,1,2026,22,11,Ất Tỵ
11,1,2026,23,11,Ất Tỵ
12,1,2026,24,11,Ất Tỵ
13,1,2026,25,11,Ất Tỵ
14,1,2026,26,11,Ất Tỵ
15,1,2026,27,11,Ất Tỵ
16,1,2026,28,11,Ất Tỵ
17,1,2026,29,11,Ất Tỵ
18,1,2026,30,11,Ất Tỵ
19,1,2026,1,12,Ất Tỵ
20,1,2026,2,12,Ất Tỵ
21,1,2026,3,12,Ất Tỵ
22,1,2026,4,12,Ất Tỵ
23,1,2026,5,12,Ất Tỵ
24,1,2026,6,12,Ất Tỵ
25,1,2026,7,12,Ất Tỵ
26,1,2026,8,12,Ất Tỵ
27,1,2026,9,12,Ất Tỵ
28,1,2026,10,12,Ất Tỵ
29,1,2026,11,12,Ất Tỵ
30,1,2026,12,12,Ất Tỵ
31,1,2026,13,12,Ất Tỵ
1,2,2026,14,12,Ất Tỵ
2,2,2026,15,12,Ất Tỵ
3,2,2026,16,12,Ất Tỵ
4,2,2026,17,12,Ất Tỵ
5,2,2026,18,12,Ất Tỵ
6,2,2026,19,12,Ất Tỵ
7,2,2026,20,12,Ất Tỵ
8,2,2026,21,12,Ất Tỵ
9,2,2026,22,12,Ất Tỵ
10,2,2026,23,12,Ất Tỵ
11,2,2026,24,12,Ất Tỵ
12,2,2026,25,12,Ất Tỵ
13,2,2026,26,12,Ất Tỵ
14,2,2026,27,12,Ất Tỵ
15,2,2026,28,12,Ất Tỵ
16,2,2026,29,12,Ất Tỵ
17,2,2026,1,1,Bính Ngọ
18,2,2026,2,1,Bính Ngọ
19,2,2026,3,1,Bính Ngọ
20,2,2026,4,1,Bính Ngọ
21,2,2026,5,1,Bính Ngọ
22,2,2026,6,1,Bính Ngọ
23,2,2026,7,1,Bính Ngọ
24,2,2026,8,1,Bính Ngọ
25,2,2026,9,1,Bính Ngọ
26,2,2026,10,1,Bính Ngọ
27,2,2026,11,1,Bính Ngọ
28,2,2026,12,1,Bính Ngọ
1,3,2026,13,1,Bính Ngọ
2,3,2026,14,1,Bính Ngọ
3,3,2026,15,1,Bính Ngọ
4,3,2026,16,1,Bính Ngọ
5,3,2026,17,1,Bính Ngọ
6,3,2026,18,1,Bính Ngọ
7,3,2026,19,1,Bính Ngọ
8,3,2026,20,1,Bính Ngọ
9,3,2026,21,1,Bính Ngọ
10,3,2026,22,1,Bính Ngọ
11,3,2026,23,1,Bính Ngọ
12,3,2026,24,1,Bính Ngọ
13,3,2026,25,1,Bính Ngọ
14,3,2026,26,1,Bính Ngọ
15,3,2026,27,1,Bính Ngọ
16,3,2026,28,1,Bính Ngọ
17,3,2026,29,1,Bính Ngọ
18,3,2026,30,1,Bính Ngọ
19,3,2026,1,2,Bính Ngọ
20,3,2026,2,2,Bính Ngọ
21,3,2026,3,2,Bính Ngọ
22,3,2026,4,2,Bính Ngọ
23,3,2026,5,2,Bính Ngọ
24,3,2026,6,2,Bính Ngọ
25,3,2026,7,2,Bính Ngọ
26,3,2026,8,2,Bính Ngọ
27,3,2026,9,2,Bính Ngọ
28,3,2026,10,2,Bính Ngọ
29,3,2026,11,2,Bính Ngọ
30,3,2026,12,2,Bính Ngọ
31,3,2026,13,2,Bính Ngọ
1,4,2026,14,2,Bính Ngọ
2,4,2026,15,2,Bính Ngọ
3,4,2026,16,2,Bính Ngọ
4,4,2026,17,2,Bính Ngọ
5,4,2026,18,2,Bính Ngọ
6,4,2026,19,2,Bính Ngọ
7,4,2026,20,2,Bính Ngọ
8,4,2026,21,2,Bính Ngọ
9,4,2026,22,2,Bính Ngọ
10,4,2026,23,2,Bính Ngọ
11,4,2026,24,2,Bính Ngọ
12,4,2026,25,2,Bính Ngọ
13,4,2026,26,2,Bính Ngọ
14,4,2026,27,2,Bính Ngọ
15,4,2026,28,2,Bính Ngọ
16,4,2026,29,2,Bính Ngọ
17,4,2026,1,3,Bính Ngọ
18,4,2026,2,3,Bính Ngọ
19,4,2026,3,3,Bính Ngọ
20,4,2026,4,3,Bính Ngọ
21,4,2026,5,3,Bính Ngọ
22,4,2026,6,3,Bính Ngọ
23,4,2026,7,3,Bính Ngọ
24,4,2026,8,3,Bính Ngọ
25,4,2026,9,3,Bính Ngọ
26,4,2026,10,3,Bính Ngọ
27,4,2026,11,3,Bính Ngọ
28,4,2026,12,3,Bính Ngọ
29,4,2026,13,3,Bính Ngọ
30,4,2026,14,3,Bính Ngọ
1,5,2026,15,3,Bính Ngọ
2,5,2026,16,3,Bính Ngọ
3,5,2026,17,3,Bính Ngọ
4,5,2026,18,3,Bính Ngọ
5,5,2026,19,3,Bính Ngọ
6,5,2026,20,3,Bính Ngọ
7,5,2026,21,3,Bính Ngọ
8,5,2026,22,3,Bính Ngọ
9,5,2026,23,3,Bính Ngọ
10,5,2026,24,3,Bính Ngọ
11,5,2026,25,3,Bính Ngọ
12,5,2026,26,3,Bính Ngọ
13,5,2026,27,3,Bính Ngọ
14,5,2026,28,3,Bính Ngọ
15,5,2026,29,3,Bính Ngọ
16,5,2026,30,3,Bính Ngọ
17,5,2026,1,4,Bính Ngọ
18,5,2026,2,4,Bính Ngọ
19,5,2026,3,4,Bính Ngọ
20,5,2026,4,4,Bính Ngọ
21,5,2026,5,4,Bính Ngọ
22,5,2026,6,4,Bính Ngọ
23,5,2026,7,4,Bính Ngọ
24,5,2026,8,4,Bính Ngọ
25,5,2026,9,4,Bính Ngọ
26,5,2026,10,4,Bính Ngọ
27,5,2026,11,4,Bính Ngọ
28,5,2026,12,4,Bính Ngọ
29,5,2026,13,4,Bính Ngọ
30,5,2026,14,4,Bính Ngọ
31,5,2026,15,4,Bính Ngọ
1,6,2026,16,4,Bính Ngọ
2,6,2026,17,4,Bính Ngọ
3,6,2026,18,4,Bính Ngọ
4,6,2026,19,4,Bính Ngọ
5,6,2026,20,4,Bính Ngọ
6,6,2026,21,4,Bính Ngọ
7,6,2026,22,4,Bính Ngọ
8,6,2026,23,4,Bính Ngọ
9,6,2026,24,4,Bính Ngọ
10,6,2026,25,4,Bính Ngọ
11,6,2026,26,4,Bính Ngọ
12,6,2026,27,4,Bính Ngọ
13,6,2026,28,4,Bính Ngọ
14,6,2026,29,4,Bính Ngọ
15,6,2026,1,5,Bính Ngọ
16,6,2026,2,5,Bính Ngọ
17,6,2026,3,5,Bính Ngọ
18,6,2026,4,5,Bính Ngọ
19,6,2026,5,5,Bính Ngọ
20,6,2026,6,5,Bính Ngọ
21,6,2026,7,5,Bính Ngọ
22,6,2026,8,5,Bính Ngọ
23,6,2026,9,5,Bính Ngọ
24,6,2026,10,5,Bính Ngọ
25,6,2026,11,5,Bính Ngọ
26,6,2026,12,5,Bính Ngọ
27,6,2026,13,5,Bính Ngọ
28,6,2026,14,5,Bính Ngọ
29,6,2026,15,5,Bính Ngọ
30,6,2026,16,5,Bính Ngọ
1,7,2026,17,5,Bính Ngọ
2,7,2026,18,5,Bính Ngọ
3,7,2026,19,5,Bính Ngọ
4,7,2026,20,5,Bính Ngọ
5,7,2026,21,5,Bính Ngọ
6,7,2026,22,5,Bính Ngọ
7,7,2026,23,5,Bính Ngọ
8,7,2026,24,5,Bính Ngọ
9,7,2026,25,5,Bính Ngọ
10,7,2026,26,5,Bính Ngọ
11,7,2026,27,5,Bính Ngọ
12,7,2026,28,5,Bính Ngọ
13,7,2026,29,5,Bính Ngọ
14,7,2026,1,6,Bính Ngọ
15,7,2026,2,6,Bính Ngọ
16,7,2026,3,6,Bính Ngọ
17,7,2026,4,6,Bính Ngọ
18,7,2026,5,6,Bính Ngọ
19,7,2026,6,6,Bính Ngọ
20,7,2026,7,6,Bính Ngọ
21,7,2026,8,6,Bính Ngọ
22,7,2026,9,6,Bính Ngọ
23,7,2026,10,6,Bính Ngọ
24,7,2026,11,6,Bính Ngọ
25,7,2026,12,6,Bính Ngọ
26,7,2026,13,6,Bính Ngọ
27,7,2026,14,6,Bính Ngọ
28,7,2026,15,6,Bính Ngọ
29,7,2026,16,6,Bính Ngọ
30,7,2026,17,6,Bính Ngọ
31,7,2026,18,6,Bính Ngọ
1,8,2026,19,6,Bính Ngọ
2,8,2026,20,6,Bính Ngọ
3,8,2026,21,6,Bính Ngọ
4,8,2026,22,6,Bính Ngọ
5,8,2026,23,6,Bính Ngọ
6,8,2026,24,6,Bính Ngọ
7,8,2026,25,6,Bính Ngọ
8,8,2026,26,6,Bính Ngọ
9,8,2026,27,6,Bính Ngọ
10,8,2026,28,6,Bính Ngọ
11,8,2026,29,6,Bính Ngọ
12,8,2026,30,6,Bính Ngọ
13,8,2026,1,7,Bính Ngọ
14,8,2026,2,7,Bính Ngọ
15,8,2026,3,7,Bính Ngọ
16,8,2026,4,7,Bính Ngọ
17,8,2026,5,7,Bính Ngọ
18,8,2026,6,7,Bính Ngọ
19,8,2026,7,7,Bính Ngọ
20,8,2026,8,7,Bính Ngọ
21,8,2026,9,7,Bính Ngọ
22,8,2026,10,7,Bính Ngọ
23,8,2026,11,7,Bính Ngọ
24,8,2026,12,7,Bính Ngọ
25,8,2026,13,7,Bính Ngọ
26,8,2026,14,7,Bính Ngọ
27,8,2026,15,7,Bính Ngọ
28,8,2026,16,7,Bính Ngọ
29,8,2026,17,7,Bính Ngọ
30,8,2026,18,7,Bính Ngọ
31,8,2026,19,7,Bính Ngọ
1,9,2026,20,7,Bính Ngọ
2,9,2026,21,7,Bính Ngọ
3,9,2026,22,7,Bính Ngọ
4,9,2026,23,7,Bính Ngọ
5,9,2026,24,7,Bính Ngọ
6,9,2026,25,7,Bính Ngọ
7,9,2026,26,7,Bính Ngọ
8,9,2026,27,7,Bính Ngọ
9,9,2026,28,7,Bính Ngọ
10,9,2026,29,7,Bính Ngọ
11,9,2026,1,8,Bính Ngọ
12,9,2026,2,8,Bính Ngọ
13,9,2026,3,8,Bính Ngọ
14,9,2026,4,8,Bính Ngọ
15,9,2026,5,8,Bính Ngọ
16,9,2026,6,8,Bính Ngọ
17,9,2026,7,8,Bính Ngọ
18,9,2026,8,8,Bính Ngọ
19,9,2026,9,8,Bính Ngọ
20,9,2026,10,8,Bính Ngọ
21,9,2026,11,8,Bính Ngọ
22,9,2026,12,8,Bính Ngọ
23,9,2026,13,8,Bính Ngọ
24,9,2026,14,8,Bính Ngọ
25,9,2026,15,8,Bính Ngọ
26,9,2026,16,8,Bính Ngọ
27,9,2026,17,8,Bính Ngọ
28,9,2026,18,8,Bính Ngọ
29,9,2026,19,8,Bính Ngọ
